{
    "Tempo(BPM)": 124.63815714285715,
    "Acousticness": 0.24631335714285715,
    "Danceability": 0.5788428571428572,
    "Energy": 0.6277857142857143,
    "Instrumentalness": 0.019936497285714283,
    "Liveness": 0.1863985714285715,
    "Loudness": -8.667414285714283,
    "Valence": 0.5950571428571428
}